NAME,INCOME
Affton,77337
Ballwin,121170
Bella Villa,55250
Bellefontaine Neighbors,48354
Bellerive Acres,134375
Bel-Nor,106875
Bel-Ridge,39878
Berkeley,40654
Beverly Hills,47955
Black Jack,65920
Breckenridge Hills,44800
Brentwood,86641
Bridgeton,73320
Calverton Park,66194
Castle Point,34679
Champ,
Charlack,53393
Chesterfield,133380
Clarkson Valley,238333
Clayton,128898
Concord,84389
Cool Valley,50417
Country Club Hills,48132
Country Life Acres,250001
Crestwood,115512
Creve Coeur,119454
Crystal Lake Park,142292
Dellwood,71171
Des Peres,214167
Edmundson,51141
Ellisville,105276
Eureka,108947
Fenton,97991
Ferguson,46106
Flordell Hills,31786
Florissant,66344
Frontenac,225813
Glasgow Village,38571
Glendale,168750
Glen Echo Park,57143
Grantwood Village,134844
Greendale,40547
Green Park,75833
Hanley Hills,50388
Hazelwood,55930
Hillsdale,39722
Huntleigh,250001
Jennings,37356
Kinloch,43021
Kirkwood,117439
Ladue,250001
Lakeshire,61346
Lemay,59026
Manchester,92839
Maplewood,65510
Marlborough,47011
Maryland Heights,86485
Mehlville,65395
Moline Acres,55069
Normandy,33421
Northwoods,40787
Norwood Court,40543
Oakland,118438
Oakville,103125
Old Jamestown,107250
Olivette,105898
Overland,57755
Pacific,57119
Pagedale,30908
Pasadena Hills,85694
Pasadena Park,90309
Pine Lawn,19924
Richmond Heights,90670
Riverview,53506
Rock Hill,91477
St. Ann,52059
St. George,72974
St. John,50429
St. Louis,55279
Sappington,72213
Shrewsbury,84942
Spanish Lake,51125
Sunset Hills,133895
Sycamore Hills,87581
Town and Country,237083
Twin Oaks,117713
University City,76466
Uplands Park,50313
Valley Park,64470
Velda City,43125
Velda Village Hills,45313
Vinita Park,53355
Warson Woods,200104
Webster Groves,110716
Wellston,39474
Westwood,231667
Wilbur Park,86625
Wildwood,157750
Winchester,87344
Woodson Terrace,49650
